"","line","Authors","Year","Title","Journal","DOI"
"1","Mitchell, J.C., and Smallwood, P.D. 2013.  Lampropeltis getula (Eastern Kingsnake) and Chelydra serpentina (Snapping Turtle). Catesbeiana. 33:25-26.","Mitchell, J.C., and Smallwood, P.D.","2013","Lampropeltis getula (Eastern Kingsnake) and Chelydra serpentina (Snapping Turtle).","Catesbeiana. 33:25-26",""
"2","*Albrecht-Mallinger, D. and Bulluck, L. P. 2016. Limited Evidence for Conspecific Attraction in a Low-Density Population of a Declining Songbird, the Golden-winged Warbler (Vermivora chrysoptera). The Condor. 118(3):451-462. https://doi.org/10.1650/CONDOR-15-217.1 ","*Albrecht-Mallinger, D. and Bulluck, L. P.","2016","Limited Evidence for Conspecific Attraction in a Low-Density Population of a Declining Songbird, the Golden-winged Warbler (Vermivora chrysoptera).","The Condor. 118(3):451-462","https://doi.org/10.1650/CONDOR-15-217.1"
"3","*Atkins, J. W., Fahey, R. T., Hardiman, B. H., and Gough, C.M. (2018). Forest Canopy Structural Complexity and Light Absorption Relationships at the Subcontinental Scale. Journal of Geophysical Research: Biogeosciences. 123(4): 1387-1405. https://doi.org/10.1002/2017JG004256 ","*Atkins, J. W., Fahey, R. T., Hardiman, B. H., and Gough, C.M.","2018","Forest Canopy Structural Complexity and Light Absorption Relationships at the Subcontinental Scale.","Journal of Geophysical Research: Biogeosciences. 123(4): 1387-1405","https://doi.org/10.1002/2017JG004256"
"4","*Atkins, J., Walter, J., Stovall, A., Fahey, R., and Gough, C. 2022. Power-law scaling relationships link forest complexity and canopy height across forest types. Functional Ecology. 36(3):713-726.  https://doi.org/10.1111/1365-2435.13983.","*Atkins, J., Walter, J., Stovall, A., Fahey, R., and Gough, C.","2022","Power-law scaling relationships link forest complexity and canopy height across forest types.","Functional Ecology. 36(3):713-726","https://doi.org/10.1111/1365-2435.13983."
"5","*Atkins, JW, Bohrer, G., Fahey R., Hardiman, BS., Morin, TH., Stovall, AEL., Zimmerman, N., and Gough, C. M. 2018. Quantifying vegetation and canopy structural complexity from terrestrial LiDAR data using the forestr R package. Methods in Ecology and Evolution. 9:2057-2066. https://doi.org/10.1111/2041-210X.13061 ","*Atkins, JW, Bohrer, G., Fahey R., Hardiman, BS., Morin, TH., Stovall, AEL., Zimmerman, N., and Gough, C. M.","2018","Quantifying vegetation and canopy structural complexity from terrestrial LiDAR data using the forestr R package.","Methods in Ecology and Evolution. 9:2057-2066","https://doi.org/10.1111/2041-210X.13061"
"6","*Baker, S. A. and Dyer, R. J. 2011. Invasion genetics of Microstegium vimineum (Poaceae) within the James River Basin of Virginia, USA. Conservation Genetics.12(3): 793-803. https://doi.org/10.1007/s10592-011-0186-0 ","*Baker, S. A. and Dyer, R. J.","2011","Invasion genetics of Microstegium vimineum (Poaceae) within the James River Basin of Virginia, USA.","Conservation Genetics.12(3): 793-803","https://doi.org/10.1007/s10592-011-0186-0"
"7","*Balazik M.T., S.P. McIninch, G.C.Garman, M.L. Fine, and C.B. Smith. 2012. Using energy dispersive x-ray fluorescence microchemistry to infer migratory life history of Atlantic sturgeon. Environmental Biology of Fish. 95:191-194. https://doi.org/10.1007/s10641-012-9979-3 ","*Balazik M.T., S.P. McIninch, G.C.Garman, M.L. Fine, and C.B. Smith.","2012","Using energy dispersive x-ray fluorescence microchemistry to infer migratory life history of Atlantic sturgeon.","Environmental Biology of Fish. 95:191-194","https://doi.org/10.1007/s10641-012-9979-3"
"8","*Balazik, M., Langford, B., Garman, G., Fine, M., Stewart, J., Latour, R.,and McIninch, S. 2013. Comparison of MS-222 and electronarcosis on cortisol levels in juvenile Atlantic sturgeon. Transactions of the American Fisheries Society. 142:1640-1643. https://doi.org/10.1080/00028487.2013.824924 ","*Balazik, M., Langford, B., Garman, G., Fine, M., Stewart, J., Latour, R.,and McIninch, S.","2013","Comparison of MS-222 and electronarcosis on cortisol levels in juvenile Atlantic sturgeon.","Transactions of the American Fisheries Society. 142:1640-1643","https://doi.org/10.1080/00028487.2013.824924"
"9","*Balazik, M., McIninch, S., Garman, G., and Latour, R. 2012. Age and growth of Atlantic Sturgeon (Acipenser oxyrinchus oxyrinchus) in the James River, Virginia, USA, 1997-2011. Transactions of the American Fisheries Society. 141(4):1074-1080. https://doi.org/10.1080/00028487.2012.676590 ","*Balazik, M., McIninch, S., Garman, G., and Latour, R.","2012","Age and growth of Atlantic Sturgeon (Acipenser oxyrinchus oxyrinchus) in the James River, Virginia, USA, 1997-2011.","Transactions of the American Fisheries Society. 141(4):1074-1080","https://doi.org/10.1080/00028487.2012.676590"
"10","*Balazik, M., Reine, K., Spells, A., Frederickson, C., Fine, M., Garman, G., and McIninch, S. 2012. The potential for vessel interactions with adult Atlantic sturgeon in the James River, Virginia, USA. North American Journal of Fisheries Management. 32:1062-1069. https://doi.org/10.1080/02755947.2012.716016 ","*Balazik, M., Reine, K., Spells, A., Frederickson, C., Fine, M., Garman, G., and McIninch, S.","2012","The potential for vessel interactions with adult Atlantic sturgeon in the James River, Virginia, USA.","North American Journal of Fisheries Management. 32:1062-1069","https://doi.org/10.1080/02755947.2012.716016"
"11","*Balazik, M., and Musick, J.A. 2015. Dual Annual Spawning Races in Atlantic Sturgeon. PloS ONE. 10(5): e0128234. https://doi.org/10.1371/journal.pone.0128234 ","*Balazik, M., and Musick, J.A.","2015","Dual Annual Spawning Races in Atlantic Sturgeon.","PloS ONE. 10(5): e0128234","https://doi.org/10.1371/journal.pone.0128234"
"12","*Balazik, M.T, Garman, G.C., Van Eenennaam, J.P., Mohler, J., and Woods, L. C. III. 2012.  Empirical evidence of fall spawning by Atlantic Sturgeon in the James River, Virginia.  Transactions of the American Fisheries Society. 141:1465-1471. https://doi.org/10.1080/00028487.2012.703157 ","*Balazik, M.T, Garman, G.C., Van Eenennaam, J.P., Mohler, J., and Woods, L. C. III.","2012","Empirical evidence of fall spawning by Atlantic Sturgeon in the James River, Virginia.","Transactions of the American Fisheries Society. 141:1465-1471","https://doi.org/10.1080/00028487.2012.703157"
"13","*Balazik, M.T. 2015. Capture and brief invasive procedures using electronarcosis does not appear to affect post-release habits in Atlantic Sturgeon during the spawning season. North American Journal of Fisheries Management. 35(2):398-402. https://doi.org/10.1080/02755947.2015.1011358","*Balazik, M.T.","2015","Capture and brief invasive procedures using electronarcosis does not appear to affect post-release habits in Atlantic Sturgeon during the spawning season.","North American Journal of Fisheries Management. 35(2):398-402","https://doi.org/10.1080/02755947.2015.1011358"
"14","*Balazik, M.T., Garman, G. C., Fine, M. L., Hager, C. H., and McIninch, S. P. 2010. Changes in age composition and growth characteristics of Atlantic sturgeon (Acipenser oxyrinchus oxyrinchus) over 400 years. Biology Letters. 6:708-710. https://doi.org/10.1098/rsbl.2010.0144 ","*Balazik, M.T., Garman, G. C., Fine, M. L., Hager, C. H., and McIninch, S. P.","2010","Changes in age composition and growth characteristics of Atlantic sturgeon (Acipenser oxyrinchus oxyrinchus) over 400 years.","Biology Letters. 6:708-710","https://doi.org/10.1098/rsbl.2010.0144"
"15","*Berrier, D. L., *Rawls, M. S., McCallister, S. L., and Franklin, R. B. 2014. Influence of substrate quality and moisture availability on microbial communities and litter decomposition. Open Journal of Ecology. 4:421-433. https://doi.org/10.4236/oje.2014.48037 ","*Berrier, D. L., *Rawls, M. S., McCallister, S. L., and Franklin, R. B.","2014","Influence of substrate quality and moisture availability on microbial communities and litter decomposition.","Open Journal of Ecology. 4:421-433","https://doi.org/10.4236/oje.2014.48037"
"16","*Berrier, DJ., Neubauer, SC., and Franklin, R.B. 2022. Cooperative microbial interactions mediate community biogeochemical responses to saltwater intrusion in wetland soils. FEMS Microbiology Ecology. 98(3):fiac019. https://doi.org/10.1093/femsec/fiac019","*Berrier, DJ., Neubauer, SC., and Franklin, R.B.","2022","Cooperative microbial interactions mediate community biogeochemical responses to saltwater intrusion in wetland soils.","FEMS Microbiology Ecology. 98(3):fiac019","https://doi.org/10.1093/femsec/fiac019"
"17","*Cartozzo, C., T. Simmons, J. Swall and B. Singh. 2021. Postmortem submersion interval (PMSI) estimation from the microbiome of Sus scrofa bone in a freshwater river. Forensic Science International. 318:110480. https://doi.org/10.1016/j.forsciint.2020.110480 ","*Cartozzo, C., T. Simmons, J. Swall and B. Singh.","2021","Postmortem submersion interval (PMSI) estimation from the microbiome of Sus scrofa bone in a freshwater river.","Forensic Science International. 318:110480","https://doi.org/10.1016/j.forsciint.2020.110480"
"18","*Charbonnier, J. F., Pearlmutter, J., Vonesh, J. R., Gabor, C. R., Forsburg, Z. R., and Grayson, K.L. 2018. Cross-Life Stage Effects of Aquatic Larval Density and Terrestrial Moisture on Growth and Corticosterone in the Spotted Salamander. Diversity.10(3):16. https://doi.org/10.3390/d10030068 ","*Charbonnier, J. F., Pearlmutter, J., Vonesh, J. R., Gabor, C. R., Forsburg, Z. R., and Grayson, K.L.","2018","Cross-Life Stage Effects of Aquatic Larval Density and Terrestrial Moisture on Growth and Corticosterone in the Spotted Salamander.","Diversity.10(3):16","https://doi.org/10.3390/d10030068"
"19","*DeSaix, M. G., L. P. Bulluck, A. J. Eckert, C. B. Viverette, T. J. Boves, J. A. Reese*, C. M. Tonra and R. J. Dyer. 2019. Population assignment reveals low migratory connectivity in a weakly structured songbird. Molecular Ecology. 28(9):2122-2135. https://doi.org/10.1111/mec.15083 ","*DeSaix, M. G., L. P. Bulluck, A. J. Eckert, C. B. Viverette, T. J. Boves, J. A. Reese*, C. M. Tonra and R. J. Dyer.","2019","Population assignment reveals low migratory connectivity in a weakly structured songbird.","Molecular Ecology. 28(9):2122-2135","https://doi.org/10.1111/mec.15083"
"20","*Dodson, J.; Moy, N. J., Bulluck, L. P. 2016. Prothonotary Warbler nestling growth and condition in response to variation in aquatic and terrestrial prey availability. Ecology and Evolution. 6(20): 7462-7474. https://doi.org/10.1002/ece3.2400 ","*Dodson, J.; Moy, N. J., Bulluck, L. P.","2016","Prothonotary Warbler nestling growth and condition in response to variation in aquatic and terrestrial prey availability.","Ecology and Evolution. 6(20): 7462-7474","https://doi.org/10.1002/ece3.2400"
"21","*Egghart, C. 2010. Archaeology of the environment: human land use and its impacts along the lower James River.  Archeological Society of Virginia Quarterly Bulletin. 65:132-152. https://doi.org/10.25772/HWN3-WW94 ","*Egghart, C.","2010","Archaeology of the environment: human land use and its impacts along the lower James River.","Archeological Society of Virginia Quarterly Bulletin. 65:132-152","https://doi.org/10.25772/HWN3-WW94"
"22","*Egghart, Chris. 2008. Slave and free black settlement and historical land use along the lower James River: a cartographical case study. Archeological Society of Virginia Quarterly Bulletin. 63:40-49. ","*Egghart, Chris.","2008","Slave and free black settlement and historical land use along the lower James River: a cartographical case study.","Archeological Society of Virginia Quarterly Bulletin. 63:40-49",""
"23","*Ganguly, S. S. and Smock, L. A. 2010. Spatial and temporal variability of invertebrate communities in vernal pools on the coastal plain of Virginia. Journal of Freshwater Ecology. 25:413- 420. https://doi.org/10.1080/02705060.2010.9664384","*Ganguly, S. S. and Smock, L. A.","2010","Spatial and temporal variability of invertebrate communities in vernal pools on the coastal plain of Virginia.","Journal of Freshwater Ecology. 25:413- 420","https://doi.org/10.1080/02705060.2010.9664384"
"24","*Garey, A.L. and Smock, L.A. 2015.  Principles for the development of contemporary bioassessment indices for freshwater ecosystems. Advances in Watershed Science and Assessment. 233-266. https://doi.org/10.1007/978-3-319-14212-8_9 ","*Garey, A.L. and Smock, L.A.","2015","Principles for the development of contemporary bioassessment indices for freshwater ecosystems.","Advances in Watershed Science and Assessment. 233-266","https://doi.org/10.1007/978-3-319-14212-8_9"
"25","*Ghahramani, Z.N., Mohajer, Y., and Fine, M.L. 2014. Developmental variation in sound production in water and air in the blue catfish Ictalurus furcatus. Journal of Experimental Biology. 217:4244-4251. https://doi.org/10.1242/jeb.112946 ","*Ghahramani, Z.N., Mohajer, Y., and Fine, M.L.","2014","Developmental variation in sound production in water and air in the blue catfish Ictalurus furcatus.","Journal of Experimental Biology. 217:4244-4251","https://doi.org/10.1242/jeb.112946"
"26","*Grillo, E. L., Fithian*, R.C., Cross, H., Wallace, C., Viverette, C., Reilly, R., and Mayer, D.C.G. 2012. Presence of Plasmodium and Haemoproteus in breeding Prothonotary warblers (Protonotaria citrea: Parulidae): Temporal and spatial trends in infection prevalence. Journal of Parasitology. 98:93-102. https://doi.org/10.1645/GE-2780.1 ","*Grillo, E. L., Fithian*, R.C., Cross, H., Wallace, C., Viverette, C., Reilly, R., and Mayer, D.C.G.","2012","Presence of Plasmodium and Haemoproteus in breeding Prothonotary warblers (Protonotaria citrea: Parulidae): Temporal and spatial trends in infection prevalence.","Journal of Parasitology. 98:93-102","https://doi.org/10.1645/GE-2780.1"
"27","*Hendrick, L. R. F. and D. J. McGarvey. 2019. Climate Change and Mountaintop-Removal Mining: A MaxEnt Assessment of the Potential Threat to West Virginian Fishes. Northeastern Naturalist. 26(3):499-522. https://doi.org/10.1656/045.026.0304 ","*Hendrick, L. R. F. and D. J. McGarvey.","2019","Climate Change and Mountaintop-Removal Mining: A MaxEnt Assessment of the Potential Threat to West Virginian Fishes.","Northeastern Naturalist. 26(3):499-522","https://doi.org/10.1656/045.026.0304"
"28","*Mahaney, AP and Franklin, R.B. 2022. Persistence of wastewater-associated antibiotic resistant bacteria in river microcosms. Science of the Total Environment. 819:153099. https://doi.org/10.1016/j.scitotenv.2022.153099  ","*Mahaney, AP and Franklin, R.B.","2022","Persistence of wastewater-associated antibiotic resistant bacteria in river microcosms.","Science of the Total Environment. 819:153099","https://doi.org/10.1016/j.scitotenv.2022.153099"
"29","*McDonald, L. A., Grayson, K. L., Lin, H. A., and Vonesh, J. R. 2018. Stage-specific effects of fire: Effects of prescribed burning on adult abundance, oviposition habitat selection, and larval performance of Cope's Gray Treefrog Hyla chrysoscelis. Forest Ecology and Management. 430:394-402. https://doi.org/10.1016/j.foreco.2018.08.008 ","*McDonald, L. A., Grayson, K. L., Lin, H. A., and Vonesh, J. R.","2018","Stage-specific effects of fire: Effects of prescribed burning on adult abundance, oviposition habitat selection, and larval performance of Cope's Gray Treefrog Hyla chrysoscelis.","Forest Ecology and Management. 430:394-402","https://doi.org/10.1016/j.foreco.2018.08.008"
"30","*Morina, J.C. and Franklin, R.B. 2022. Intensity and duration of exposure determine prokaryotic community response to salinization in freshwater wetland soil. Geoderma. 428:116138. https://doi.org/10.1016/j.geoderma.2022.116138","*Morina, J.C. and Franklin, R.B.","2022","Intensity and duration of exposure determine prokaryotic community response to salinization in freshwater wetland soil.","Geoderma. 428:116138","https://doi.org/10.1016/j.geoderma.2022.116138"
"31","*Morina, J.C. and Franklin, R.B. 2023. Drivers of Antibiotic Resistance Gene Abundance in an Urban River. Antibiotics. 12:1270. https://doi.org/10.3390/antibiotics12081270 ","*Morina, J.C. and Franklin, R.B.","2023","Drivers of Antibiotic Resistance Gene Abundance in an Urban River.","Antibiotics. 12:1270","https://doi.org/10.3390/antibiotics12081270"
"32","*Morina, J.M., Morrissey*, E.M., and Franklin, R.B. 2018. Vegetation effects on bacteria and denitrifer abundance in the soils of two tidal freshwater wetlands in Virginia. Applied and Environmental Soil Science. p1-10. https://doi.org/10.1155/2018/4727258","*Morina, J.M., Morrissey*, E.M., and Franklin, R.B.","2018","Vegetation effects on bacteria and denitrifer abundance in the soils of two tidal freshwater wetlands in Virginia.","Applied and Environmental Soil Science. p1-10","https://doi.org/10.1155/2018/4727258"
"33","*Morrissey, E. M. and Franklin, R.B. 2015. Resource effects on denitrification are mediated by community composition in tidal freshwater wetland soils. Environmental Microbiology.17(5):1520-1532. https://doi.org/10.1111/1462-2920.12575 ","*Morrissey, E. M. and Franklin, R.B.","2015","Resource effects on denitrification are mediated by community composition in tidal freshwater wetland soils.","Environmental Microbiology.17(5):1520-1532","https://doi.org/10.1111/1462-2920.12575"
"34","*Morrissey, E.M. and Franklin, R.B. 2015. Evolutionary history influences the salinity preference of bacterial taxa in wetland soils. Frontiers in Microbiology. 6:1013. https://doi.org/10.3389/fmicb.2015.01013 ","*Morrissey, E.M. and Franklin, R.B.","2015","Evolutionary history influences the salinity preference of bacterial taxa in wetland soils.","Frontiers in Microbiology. 6:1013","https://doi.org/10.3389/fmicb.2015.01013"
"35","*Morrissey, E.M., D.J. Berrier*, S.C. Neubauer, and R.B. Franklin. 2014. Using microbial communities and extracellular enzymes to link soil organic matter characteristics to greenhouse gas production in a tidal freshwater wetland. Biogeochemistry. 117(2-3): 473-490. https://doi.org/10.1007/s10533-013-9894-5 ","*Morrissey, E.M., D.J. Berrier*, S.C. Neubauer, and R.B. Franklin.","2014","Using microbial communities and extracellular enzymes to link soil organic matter characteristics to greenhouse gas production in a tidal freshwater wetland.","Biogeochemistry. 117(2-3): 473-490","https://doi.org/10.1007/s10533-013-9894-5"
"36","*Morrissey, E.M., Gillespie*, J. L., Morina*, J.C., and Franklin, R. B. 2014. Salinity affects microbial activity and soil organic matter content in tidal wetlands. Global Change Biology. 20(4):1351-1362. https://doi.org/10.1111/gcb.12431 ","*Morrissey, E.M., Gillespie*, J. L., Morina*, J.C., and Franklin, R. B.","2014","Salinity affects microbial activity and soil organic matter content in tidal wetlands.","Global Change Biology. 20(4):1351-1362","https://doi.org/10.1111/gcb.12431"
"37","*Morrissey, E.M., Jenkins*, A. S., Brown, B. L., Franklin, R. B. 2013. Resource availability effects on nitrate-reducing microbial communities in a freshwater wetland. Wetlands. 33:301-310. https://doi.org/10.1007/s13157-013-0384-2 ","*Morrissey, E.M., Jenkins*, A. S., Brown, B. L., Franklin, R. B.","2013","Resource availability effects on nitrate-reducing microbial communities in a freshwater wetland.","Wetlands. 33:301-310","https://doi.org/10.1007/s13157-013-0384-2"
"38","*Moy, N., Dodson*, J., Tassone*, S., Bukaveckas, P. A., and Bulluck, L. 2016. Biotransport of algal toxins to riparian food webs. Environmental Science and Technology. 50(18):10007-10014. https://doi.org/10.1021/acs.est.6b02760 ","*Moy, N., Dodson*, J., Tassone*, S., Bukaveckas, P. A., and Bulluck, L.","2016","Biotransport of algal toxins to riparian food webs.","Environmental Science and Technology. 50(18):10007-10014","https://doi.org/10.1021/acs.est.6b02760"
"39","*Reese, J. A., Tonra, C., Viverette, C., Marra, P.P., and Bulluck, L. P. 2018. Variation in Stable Hydrogen Isotope Values in a Wetland-associated Songbird. Waterbirds. 41(3):247-256. https://doi.org/10.1675/063.041.0304 ","*Reese, J. A., Tonra, C., Viverette, C., Marra, P.P., and Bulluck, L. P.","2018","Variation in Stable Hydrogen Isotope Values in a Wetland-associated Songbird.","Waterbirds. 41(3):247-256","https://doi.org/10.1675/063.041.0304"
"40","*Reese, J., C. Viverette, C. M. Tonra, N. J. Bayly, T. J. Boves, E. Johnson, M. Johnson, P. Marra, E. M. Ames*, A. Caguazango, M. DeSaix*, A. Matthews, A. Molina, K. Percy, M.C. Slevin, and L. Bulluck. 2019. Using stable isotopes to estimate migratory connectivity for a patchily distributed, wetland-associated Neotropical migrant. The Condor. 121(4):duz052. https://doi.org/10.1093/condor/duz052 ","*Reese, J., C. Viverette, C. M. Tonra, N. J. Bayly, T. J. Boves, E. Johnson, M. Johnson, P. Marra, E. M. Ames*, A. Caguazango, M. DeSaix*, A. Matthews, A. Molina, K. Percy, M.C. Slevin, and L. Bulluck.","2019","Using stable isotopes to estimate migratory connectivity for a patchily distributed, wetland-associated Neotropical migrant.","The Condor. 121(4):duz052","https://doi.org/10.1093/condor/duz052"
"41","*Rogers, S. L., T. N. Parlow, J. Kacmarcik, R. Reilly, C. Viverette and L. P. Bulluck. 2020. Prothonotary Warbler Nestlings Fledge from Mixed Broods Following Nest Takeovers by Tree Swallows. Northeastern Naturalist. 27(4):N63-N70. https://doi.org/10.1656/045.027.0414 ","*Rogers, S. L., T. N. Parlow, J. Kacmarcik, R. Reilly, C. Viverette and L. P. Bulluck.","2020","Prothonotary Warbler Nestlings Fledge from Mixed Broods Following Nest Takeovers by Tree Swallows.","Northeastern Naturalist. 27(4):N63-N70","https://doi.org/10.1656/045.027.0414"
"42","*Rogers, S.L., B.C. Verrelli, P.A. Bukaveckas, E.M. Ames, J. Youtz, T.J. Boves, E.I. Johnson, C.M. Tonra and L.P. Bulluck.  2023.  DNA metabarcoding reveals rangewide variation in aquatic diet of a riparian avian insectivore, the Prothonotary Warbler. Ornithology. 140(4):ukad031. https://doi.org/10.1093/ornithology/ukad031 ","*Rogers, S.L., B.C. Verrelli, P.A. Bukaveckas, E.M. Ames, J. Youtz, T.J. Boves, E.I. Johnson, C.M. Tonra and L.P. Bulluck.","2023","DNA metabarcoding reveals rangewide variation in aquatic diet of a riparian avian insectivore, the Prothonotary Warbler.","Ornithology. 140(4):ukad031","https://doi.org/10.1093/ornithology/ukad031"
"43","*Rogers, S.L., L.P. Bulluck, and P.A. Bukaveckas. 2024. Substantial pulses of aquatic insects emerge from tidal freshwaters along the James River Estuary, Virginia, USA.  Freshwater Science. 43(1). https://doi.org/10.1086/729306 ","*Rogers, S.L., L.P. Bulluck, and P.A. Bukaveckas.","2024","Substantial pulses of aquatic insects emerge from tidal freshwaters along the James River Estuary, Virginia, USA.","Freshwater Science. 43(1)","https://doi.org/10.1086/729306"
"44","*Shiflett, S.A., Zinnert, J.C., and Young, D.R. 2013. Seasonal patterns of light availability and light use of broadleaf evergreens in a deciduous forest understory: potential mechanisms for expansion.  Open Journal of Ecology. (3):151-160. https://doi.org/10.4236/oje.2013.32018 ","*Shiflett, S.A., Zinnert, J.C., and Young, D.R.","2013","Seasonal patterns of light availability and light use of broadleaf evergreens in a deciduous forest understory: potential mechanisms for expansion.","Open Journal of Ecology. (3):151-160","https://doi.org/10.4236/oje.2013.32018"
"45","*Shiflett, S.A., Zinnert, J.C., and Young, D.R. 2014. Coordination of leaf N, anatomy, photosynthetic capacity and hydraulics enhances evergreen expansive potential. Trees. 28:1635-1644. https://doi.org/10.1007/s00468-014-1073-3 ","*Shiflett, S.A., Zinnert, J.C., and Young, D.R.","2014","Coordination of leaf N, anatomy, photosynthetic capacity and hydraulics enhances evergreen expansive potential.","Trees. 28:1635-1644","https://doi.org/10.1007/s00468-014-1073-3"
"46","*Staats, E. G., Agosta, S. J., and Vonesh, J. R. 2016. Predator diversity reduces habitat colonization by mosquitoes and midges. Biology Letters. 12(12):4. https://doi.org/10.1098/rsbl.2016.0580 ","*Staats, E. G., Agosta, S. J., and Vonesh, J. R.","2016","Predator diversity reduces habitat colonization by mosquitoes and midges.","Biology Letters. 12(12):4","https://doi.org/10.1098/rsbl.2016.0580"
"47","*Tassone, S.J. and P.A. Bukaveckas. 2019. Seasonal, inter-annual and longitudinal patterns in estuarine metabolism derived from diel oxygen data using multiple computational approaches.  Estuaries and Coasts. 4(2):1032-1051. https://doi.org/10.1007/s12237-019-00526-0 ","*Tassone, S.J. and P.A. Bukaveckas.","2019","Seasonal, inter-annual and longitudinal patterns in estuarine metabolism derived from diel oxygen data using multiple computational approaches.","Estuaries and Coasts. 4(2):1032-1051","https://doi.org/10.1007/s12237-019-00526-0"
"48","*Tucker, A. M. and L. P. Bulluck. 2018. No evidence for a negative effect of conspecific brood parasitism on annual survival of female Prothonotary Warblers. Ibis. 160(2):447-452. https://doi.org/10.1111/ibi.12538 ","*Tucker, A. M. and L. P. Bulluck.","2018","No evidence for a negative effect of conspecific brood parasitism on annual survival of female Prothonotary Warblers.","Ibis. 160(2):447-452","https://doi.org/10.1111/ibi.12538"
"49","*Tucker, A.M, Dyer, R. J., Huber, S. K., and Bulluck, L. P. 2016. Opportunistic conspecific brood parasitism in a box-nesting population of Prothonotary Warblers (Protonotaria citrea). The Auk: Ornithological Advances. 133(2): 298-307. https://doi.org/10.1642/AUK-15-161.1 ","*Tucker, A.M, Dyer, R. J., Huber, S. K., and Bulluck, L. P.","2016","Opportunistic conspecific brood parasitism in a box-nesting population of Prothonotary Warblers (Protonotaria citrea).","The Auk: Ornithological Advances. 133(2): 298-307","https://doi.org/10.1642/AUK-15-161.1"
"50","*Van Allen B.G., Briggs, V.S., McCoy, M.W., and Vonesh, J.R. 2010. Carry-over effects of the larval environment on post-metamorphic performance in two hylid frogs. Oecologia. 164:891-898. https://doi.org/10.1007/s00442-010-1728-8 ","*Van Allen B.G., Briggs, V.S., McCoy, M.W., and Vonesh, J.R.","2010","Carry-over effects of the larval environment on post-metamorphic performance in two hylid frogs.","Oecologia. 164:891-898","https://doi.org/10.1007/s00442-010-1728-8"
"51","*Viverette, C.B., Garman, G.C., McIninch, S.P., Markham, A.C., Watts, B.D., and Macko, S.A. 2007. Finfish-waterbird trophic interactions in tidal freshwater tributaries of the Chesapeake Bay. Waterbirds. 30sp1:50-62. https://doi.org/10.1675/1524-4695(2007)030[0050:FTIITF]2.0.CO;2 ","*Viverette, C.B., Garman, G.C., McIninch, S.P., Markham, A.C., Watts, B.D., and Macko, S.A.","2007","Finfish-waterbird trophic interactions in tidal freshwater tributaries of the Chesapeake Bay.","Waterbirds. 30sp1:50-62","https://doi.org/10.1675/1524-4695(2007)030[0050:FTIITF]2.0.CO;2"
"52","*Wood, J. D., Franklin, R. B., Garman, G. C., McIninch, S.P., Porter, A. J., and Bukaveckas, P. A. 2014. Exposure to the cyanotoxin microcystin arising from interspecific differences in feeding habits among fish and shellfish in the James River Estuary, Virginia. Environmental Science and Technology. 48:5194-5202. https://doi.org/10.1021/es403491k","*Wood, J. D., Franklin, R. B., Garman, G. C., McIninch, S.P., Porter, A. J., and Bukaveckas, P. A.","2014","Exposure to the cyanotoxin microcystin arising from interspecific differences in feeding habits among fish and shellfish in the James River Estuary, Virginia.","Environmental Science and Technology. 48:5194-5202","https://doi.org/10.1021/es403491k"
"53","*Wood, J.D., Elliott, D., Garman, G., Hopler, D., Lee, W., McIninch, S., Porter, A. J., and Bukaveckas, P.A. 2016. Autochthony, allochthony and the role of consumers in influencing the sensitivity of aquatic systems to nutrient enrichment. Food Webs. 7:1-12. https://doi.org/10.1016/j.fooweb.2016.03.001","*Wood, J.D., Elliott, D., Garman, G., Hopler, D., Lee, W., McIninch, S., Porter, A. J., and Bukaveckas, P.A.","2016","Autochthony, allochthony and the role of consumers in influencing the sensitivity of aquatic systems to nutrient enrichment.","Food Webs. 7:1-12","https://doi.org/10.1016/j.fooweb.2016.03.001"
"54","*Wood, J.D., and P.A. Bukaveckas. 2014. Increasing severity of phytoplankton nutrient limitation following reductions in point source inputs to the tidal freshwater segment of the James River Estuary. Estuaries and Coasts. 37:1188-1201. https://doi.org/10.1007/s12237-013-9756-3 ","*Wood, J.D., and P.A. Bukaveckas.","2014","Increasing severity of phytoplankton nutrient limitation following reductions in point source inputs to the tidal freshwater segment of the James River Estuary.","Estuaries and Coasts. 37:1188-1201","https://doi.org/10.1007/s12237-013-9756-3"
"55","*Woods, T. and McGarvey, D. J. 2018. Assessing the relative influences of abiotic and biotic factors on American eel Anguilla rostrata distribution using hydrologic, physical habitat, and functional trait data. Ecography. 41(12):2067-2079. https://doi.org/10.1111/ecog.03782","*Woods, T. and McGarvey, D. J.","2018","Assessing the relative influences of abiotic and biotic factors on American eel Anguilla rostrata distribution using hydrologic, physical habitat, and functional trait data.","Ecography. 41(12):2067-2079","https://doi.org/10.1111/ecog.03782"
"56","Aunins, A.W., Brown, B.L., Balazik*, M., and Garman, G. C. 2013. Migratory movements of American shad in the James River Fall Zone, Virginia. North American Journal of Fisheries Management. 33: 569-575. https://doi.org/10.1080/02755947.2013.768564 ","Aunins, A.W., Brown, B.L., Balazik*, M., and Garman, G. C.","2013","Migratory movements of American shad in the James River Fall Zone, Virginia.","North American Journal of Fisheries Management. 33: 569-575","https://doi.org/10.1080/02755947.2013.768564"
"57","Balasa, G., Levengood*, E. S., Battistelli, J.M., and Franklin, R.B. 2021. Diversity of Multidrug-Resistant Bacteria in an Urbanized River: A Case Study of the Potential Risks from Combined Sewage Overflows. Water. 13(15):2122. https://doi.org/10.3390/w13152122","Balasa, G., Levengood*, E. S., Battistelli, J.M., and Franklin, R.B.","2021","Diversity of Multidrug-Resistant Bacteria in an Urbanized River: A Case Study of the Potential Risks from Combined Sewage Overflows.","Water. 13(15):2122","https://doi.org/10.3390/w13152122"
"58","Balazik*, M. T. 2017. The first verified occurrence of shortnose sturgeon (Acipenser brevirostrum) in the James River, Virginia.  Fishery Bulletin: 115(2):196-200. https://doi.org/10.7755/FB.115.2.6 ","Balazik*, M. T.","2017","The first verified occurrence of shortnose sturgeon (Acipenser brevirostrum) in the James River, Virginia.","Fishery Bulletin: 115(2):196-200","https://doi.org/10.7755/FB.115.2.6"
"59","Balazik*, M.T., Farrae, D. J., Darden, T. L., and Garman, G.C. 2017. Genetic differentiation of spring-spawning and fall-spawning male Atlantic sturgeon in the James River, Virginia. PloS one. 12(7):e0179661. https://doi.org/10.1371/journal.pone.0179661","Balazik*, M.T., Farrae, D. J., Darden, T. L., and Garman, G.C.","2017","Genetic differentiation of spring-spawning and fall-spawning male Atlantic sturgeon in the James River, Virginia.","PloS one. 12(7):e0179661","https://doi.org/10.1371/journal.pone.0179661"
"60","Balazik, M., Barber, M., Altman, S; Reine, K., Katzenmeyer, A., Bunch, A., and Garman, G. 2020. Dredging activity and associated sound have negligible effects on adult Atlantic sturgeon migration to spawning habitat in a large coastal river. PloS one. 15(3):e0230029-e0230029. https://doi.org/10.1371/journal.pone.0230029","Balazik, M., Barber, M., Altman, S; Reine, K., Katzenmeyer, A., Bunch, A., and Garman, G.","2020","Dredging activity and associated sound have negligible effects on adult Atlantic sturgeon migration to spawning habitat in a large coastal river.","PloS one. 15(3):e0230029-e0230029","https://doi.org/10.1371/journal.pone.0230029"
"61","Bellile*, K.G. and J.R. Vonesh. 2016. Bioinsecticide and leaf litter combination increases oviposition and reduces recruitment to create an effective ovitrap for Culex mosquitoes. Journal of Vector Ecology. 41(1):123-127. https://doi.org/10.1111/jvec.12203 ","Bellile*, K.G. and J.R. Vonesh.","2016","Bioinsecticide and leaf litter combination increases oviposition and reduces recruitment to create an effective ovitrap for Culex mosquitoes.","Journal of Vector Ecology. 41(1):123-127","https://doi.org/10.1111/jvec.12203"
"62","Blem, C. R. and Blem, L. B. 2006.  Variation in mass of female Prothonotary Warblers during nesting. The Wilson Journal of Ornithology. 118:3-12. https://doi.org/10.1676/1559-4491(2006)118[0003:VIMOFP]2.0.CO;2 ","Blem, C. R. and Blem, L. B.","2006","Variation in mass of female Prothonotary Warblers during nesting.","The Wilson Journal of Ornithology. 118:3-12","https://doi.org/10.1676/1559-4491(2006)118[0003:VIMOFP]2.0.CO;2"
"63","Brantley, S., and Young, D. 2009. Contribution of sunflecks is minimal in expanding shrub thickets compared to temperate forest. Ecology. 90:1021-1029. https://doi.org/10.1890/08-0725.1 ","Brantley, S., and Young, D.","2009","Contribution of sunflecks is minimal in expanding shrub thickets compared to temperate forest.","Ecology. 90:1021-1029","https://doi.org/10.1890/08-0725.1"
"64","Brown, B. L., R. V. LePrell, R. B. Franklin, M. C. Rivera, F. M. Cabral, H. L. Eaves, V. Gardiakos, K. P. Keegan and T. L. King. 2015. Metagenomic analysis of planktonic microbial consortia from a non-tidal urban-impacted segment of James River. Standards in Genomic Sciences. 10:1-14. https://doi.org/10.1186/s40793-015-0062-5 ","Brown, B. L., R. V. LePrell, R. B. Franklin, M. C. Rivera, F. M. Cabral, H. L. Eaves, V. Gardiakos, K. P. Keegan and T. L. King.","2015","Metagenomic analysis of planktonic microbial consortia from a non-tidal urban-impacted segment of James River.","Standards in Genomic Sciences. 10:1-14","https://doi.org/10.1186/s40793-015-0062-5"
"65","Bukaveckas, P. A., Barry, L. E., Beckwith*, M. J., David, V., and Lederer*, B. 2011. Factors determining the location of the chlorophyll maximum and the fate of algal production within the tidal freshwater James River. Estuaries and Coasts. 34:569-582. https://doi.org/10.1007/s12237-010-9372-4 ","Bukaveckas, P. A., Barry, L. E., Beckwith*, M. J., David, V., and Lederer*, B.","2011","Factors determining the location of the chlorophyll maximum and the fate of algal production within the tidal freshwater James River.","Estuaries and Coasts. 34:569-582","https://doi.org/10.1007/s12237-010-9372-4"
"66","Bukaveckas, P. A., Franklin, R. B., Tassone*, S., Trache, B., and Egerton, T. 2018. Cyanobacteria and cyanotoxins at the river-estuarine transition. Harmful Algae. 76:11-21. https://doi.org/10.1016/j.hal.2018.04.012 ","Bukaveckas, P. A., Franklin, R. B., Tassone*, S., Trache, B., and Egerton, T.","2018","Cyanobacteria and cyanotoxins at the river-estuarine transition.","Harmful Algae. 76:11-21","https://doi.org/10.1016/j.hal.2018.04.012"
"67","Bukaveckas, P. A., J.-R. Ryan*, and R. Mair. 2023. Assessing the potential for restoring freshwater mussels to urban streams. Aquatic Conservation: Marine and Freshwater Ecosystems. 33(3):312-324. https://doi.org/10.1002/aqc.3900 ","Bukaveckas, P. A., J.-R. Ryan*, and R. Mair.","2023","Assessing the potential for restoring freshwater mussels to urban streams.","Aquatic Conservation: Marine and Freshwater Ecosystems. 33(3):312-324","https://doi.org/10.1002/aqc.3900"
"68","Bukaveckas, P. A., Tassone*, S., Lee, W., Franklin, R. B. 2020. The Influence of Storm Events on Metabolism and Water Quality of Riverine and Estuarine Segments of the James, Mattaponi, and Pamunkey Rivers. Estuaries and Coasts. 43(7):1585-1602. https://doi.org/10.1007/s12237-020-00819-9 ","Bukaveckas, P. A., Tassone*, S., Lee, W., Franklin, R. B.","2020","The Influence of Storm Events on Metabolism and Water Quality of Riverine and Estuarine Segments of the James, Mattaponi, and Pamunkey Rivers.","Estuaries and Coasts. 43(7):1585-1602","https://doi.org/10.1007/s12237-020-00819-9"
"69","Bukaveckas, P.A. 2022. Carbon dynamics at the river–estuarine transition: a comparison among tributaries of Chesapeake Bay. Biogeosciences.19.17:4209–4226. https://doi.org/10.5194/bg-19-4209-2022","Bukaveckas, P.A.","2022","Carbon dynamics at the river–estuarine transition: a comparison among tributaries of Chesapeake Bay.","Biogeosciences.19.17:4209–4226","https://doi.org/10.5194/bg-19-4209-2022"
"70","Bukaveckas, P.A. and *Wood, J.D. 2014. Nitrogen retention in a restored tidal stream (Kimages Creek, VA) assessed by mass balance and tracer approaches. Journal of Environmental Quality. 43:1614-1623. https://doi.org/10.2134/jeq2013.12.0481 ","Bukaveckas, P.A. and *Wood, J.D.","2014","Nitrogen retention in a restored tidal stream (Kimages Creek, VA) assessed by mass balance and tracer approaches.","Journal of Environmental Quality. 43:1614-1623","https://doi.org/10.2134/jeq2013.12.0481"
"71","Bukaveckas, P.A. and W. Isenberg*. 2013. Loading, transformation and retention of nitrogen and phosphorus in the tidal freshwater James River (Virginia). Estuaries & Coasts. 36:1219-1236. https://doi.org/10.1007/s12237-013-9644-x ","Bukaveckas, P.A. and W. Isenberg*.","2013","Loading, transformation and retention of nitrogen and phosphorus in the tidal freshwater James River (Virginia).","Estuaries & Coasts. 36:1219-1236","https://doi.org/10.1007/s12237-013-9644-x"
"72","Bukaveckas, P.A., Beck*, M., Devore, D., and Lee, W.M. 2018. Climatic variability and its role in regulating C, N and P retention in the James River Estuary. Estuarine, Coastal & Shelf Science. 205:161-173. https://doi.org/10.1016/j.ecss.2017.10.004 ","Bukaveckas, P.A., Beck*, M., Devore, D., and Lee, W.M.","2018","Climatic variability and its role in regulating C, N and P retention in the James River Estuary.","Estuarine, Coastal & Shelf Science. 205:161-173","https://doi.org/10.1016/j.ecss.2017.10.004"
"73","Bukaveckas, P.A., J. Lesutienė, Z.R. Gasiūnaitė, L. Ložys, I. Olenina, R. Pilkaitytė, Ž. Pūtys, S. Tassone and J. Wood. 2017. Microcystin in aquatic food webs of the Baltic and Chesapeake Bay regions. Estuarine Coastal and Shelf Science. 191:50-59. https://doi.org/10.1016/j.ecss.2017.04.016 ","Bukaveckas, P.A., J. Lesutienė, Z.R. Gasiūnaitė, L. Ložys, I. Olenina, R. Pilkaitytė, Ž. Pūtys, S. Tassone and J. Wood.","2017","Microcystin in aquatic food webs of the Baltic and Chesapeake Bay regions.","Estuarine Coastal and Shelf Science. 191:50-59","https://doi.org/10.1016/j.ecss.2017.04.016"
"74","Bukaveckas, P.A., M. Katarzyte, A. Schlegel*, R. Spuriene, T. Egerton and D. Vaiciute. 2019. Composition and settling properties of suspended particulate matter in estuaries of the Chesapeake Bay and Baltic Sea regions. Journal of Soils and Sediment. 19:2580-2593. https://doi.org/10.1007/s11368-018-02224-z ","Bukaveckas, P.A., M. Katarzyte, A. Schlegel*, R. Spuriene, T. Egerton and D. Vaiciute.","2019","Composition and settling properties of suspended particulate matter in estuaries of the Chesapeake Bay and Baltic Sea regions.","Journal of Soils and Sediment. 19:2580-2593","https://doi.org/10.1007/s11368-018-02224-z"
"75","Bulluck, L, S., Huber, S.,  Viverette*, C., and Blem, C. 2013. Age-specific responses to spring temperature in a migratory songbird: older females attempt more broods in warmer springs. Ecology and Evolution. 3:3298-3306. https://doi.org/10.1002/ece3.673 ","Bulluck, L, S., Huber, S.,  Viverette*, C., and Blem, C.","2013","Age-specific responses to spring temperature in a migratory songbird: older females attempt more broods in warmer springs.","Ecology and Evolution. 3:3298-3306","https://doi.org/10.1002/ece3.673"
"76","Bulluck, L.P., Foster*, M.J., Kay*, S., Cox, D.E., Viverette, C., and Huber, S. 2017. Feather carotenoid content correlates with reproductive success and provisioning rate in female Prothonotary Warblers. The Auk: Ornithological Advances. 134(1):229-239. https://doi.org/10.1642/AUK-16-151.1","Bulluck, L.P., Foster*, M.J., Kay*, S., Cox, D.E., Viverette, C., and Huber, S.","2017","Feather carotenoid content correlates with reproductive success and provisioning rate in female Prothonotary Warblers.","The Auk: Ornithological Advances. 134(1):229-239","https://doi.org/10.1642/AUK-16-151.1"
"77","Caillouët K.A., Riggan*, A.E., Bulluck, L.P., Carlson, J.C., and Sabo, R.T. 2013. Nesting bird host funnel increases mosquito-bird contact rate. Journal of Medical Entomology. 50:462-466. https://doi.org/10.1603/ME12183 ","Caillouët K.A., Riggan*, A.E., Bulluck, L.P., Carlson, J.C., and Sabo, R.T.","2013","Nesting bird host funnel increases mosquito-bird contact rate.","Journal of Medical Entomology. 50:462-466","https://doi.org/10.1603/ME12183"
"78","Caillouët K.A., Riggan*, A.E., Rider, M., and Bulluck, L.P. 2012. Nest Mosquito Trap quantifies contact rates between nesting birds and disease vectors. Journal of Vector Ecology. 31: 210-215. https://doi.org/10.1111/j.1948-7134.2012.00218.x ","Caillouët K.A., Riggan*, A.E., Rider, M., and Bulluck, L.P.","2012","Nest Mosquito Trap quantifies contact rates between nesting birds and disease vectors.","Journal of Vector Ecology. 31: 210-215","https://doi.org/10.1111/j.1948-7134.2012.00218.x"
"79","Cannatelli, K. M. and J. C. Curran (2012). Importance of Hydrology on Channel Evolution Following Dam Removal: Case Study and Conceptual Model. Journal of Hydraulic Engineering.  138(5):377-390. https://doi.org/10.1061/(ASCE)HY.1943-7900.0000526 ","Cannatelli, K. M. and J. C. Curran","2012","Importance of Hydrology on Channel Evolution Following Dam Removal: Case Study and Conceptual Model.","Journal of Hydraulic Engineering.  138(5):377-390","https://doi.org/10.1061/(ASCE)HY.1943-7900.0000526"
"80","Colteaux*, B. C. and D. M. Johnson. 2017. Commercial harvest and export of snapping turtles (Chelydra serpentina) in the United States: trends and the efficacy of size limits at reducing harvest. Journal for Nature Conservation. 35:13-19. https://doi.org/10.1016/j.jnc.2016.11.003 ","Colteaux*, B. C. and D. M. Johnson.","2017","Commercial harvest and export of snapping turtles (Chelydra serpentina) in the United States: trends and the efficacy of size limits at reducing harvest.","Journal for Nature Conservation. 35:13-19","https://doi.org/10.1016/j.jnc.2016.11.003"
"81","Curran, J. C. and Cannatelli, K. M. 2014. The impact of beaver dams on the morphology of a river in the eastern United States with implications for river restoration. Earth Surface Processes and Landforms. 39(9):1236-1244. https://doi.org/10.1002/esp.3576 ","Curran, J. C. and Cannatelli, K. M.","2014","The impact of beaver dams on the morphology of a river in the eastern United States with implications for river restoration.","Earth Surface Processes and Landforms. 39(9):1236-1244","https://doi.org/10.1002/esp.3576"
"82","Dang*, C., E.M. Morrissey*, S.C. Neubauer, and R.B. Franklin. 2019. Novel microbial community composition and carbon biogeochemistry emerge over time following saltwater intrusion in wetlands. Global Change Biology. 25(2):549-561. https://doi.org/10.1111/gcb.14486 ","Dang*, C., E.M. Morrissey*, S.C. Neubauer, and R.B. Franklin.","2019","Novel microbial community composition and carbon biogeochemistry emerge over time following saltwater intrusion in wetlands.","Global Change Biology. 25(2):549-561","https://doi.org/10.1111/gcb.14486"
"83","Deng, X., Huang, I-S, Williams, K., Wainwright, M.L., Zimba, P.V., and Mozzachiodi, R. 2024. Role of serotonin in the lack of sensitization caused by prolonged food deprivation in Aplysia. Behavioural Brain Research. 458:114736. https://doi.org/10.1016/j.bbr.2023.114736 ","Deng, X., Huang, I-S, Williams, K., Wainwright, M.L., Zimba, P.V., and Mozzachiodi, R.","2024","Role of serotonin in the lack of sensitization caused by prolonged food deprivation in Aplysia.","Behavioural Brain Research. 458:114736","https://doi.org/10.1016/j.bbr.2023.114736"
"84","DiLeo, M.F. DiLeo, J.C. Siu, M.K. Rhodes, A López-Villalobos, A. Redwine*, K. Ksiazek, and R.J. Dyer. 2014. The Gravity of Pollination: Integrating at-site features into spatial analysis of contemporary pollen movement.  Molecular Ecology. 23:3973-3982. https://doi.org/10.1111/mec.12839 ","DiLeo, M.F. DiLeo, J.C. Siu, M.K. Rhodes, A López-Villalobos, A. Redwine*, K. Ksiazek, and R.J. Dyer.","2014","The Gravity of Pollination: Integrating at-site features into spatial analysis of contemporary pollen movement.","Molecular Ecology. 23:3973-3982","https://doi.org/10.1111/mec.12839"
"85","Djukic,I., Kepfer-Rojas, S., Schmidt, I. K., Larsen, K. S., Beier, C., Berg, B., and Verheyen, K. 2018. Early stage litter decomposition across biomes. Science of the Total Environment. 628:1369-1394. https://doi.org/10.1016/j.scitotenv.2018.01.012 ","Djukic,I., Kepfer-Rojas, S., Schmidt, I. K., Larsen, K. S., Beier, C., Berg, B., and Verheyen, K.","2018","Early stage litter decomposition across biomes.","Science of the Total Environment. 628:1369-1394","https://doi.org/10.1016/j.scitotenv.2018.01.012"
"86","Dyer, R. J., Chan, D.M., Gardiakos, V.J., and *Meadows, C.A. 2012. Pollination Graphs: Quantifying pollen pool covariance networks and the influence of intervening landscape on genetic connectivity in the North American understory tree, Cornus florida L. Landscape Ecology. 27:239-251. https://doi.org/10.1007/s10980-011-9696-x ","Dyer, R. J., Chan, D.M., Gardiakos, V.J., and *Meadows, C.A.","2012","Pollination Graphs: Quantifying pollen pool covariance networks and the influence of intervening landscape on genetic connectivity in the North American understory tree, Cornus florida L.","Landscape Ecology. 27:239-251","https://doi.org/10.1007/s10980-011-9696-x"
"87","Dyer, R.J. 2015. Population graphs and landscape genetics.  Annual Review of Evolution, Ecology, and Systematics. 46:327-342. https://doi.org/10.1146/annurev-ecolsys-112414-054150 ","Dyer, R.J.","2015","Population graphs and landscape genetics.","Annual Review of Evolution, Ecology, and Systematics. 46:327-342","https://doi.org/10.1146/annurev-ecolsys-112414-054150"
"88","Edwards, M. L., M. T. Balazik, C. W. Bangley, R. Aguilar and M. B. Ogburn. (2020). Detection of a Mature Atlantic Sturgeon in the Patuxent River, Maryland, Using Passive Acoustic Telemetry. Northeastern Naturalist. 27(4):792-802. https://doi.org/10.1656/045.027.0417 ","Edwards, M. L., M. T. Balazik, C. W. Bangley, R. Aguilar and M. B. Ogburn.","2020","Detection of a Mature Atlantic Sturgeon in the Patuxent River, Maryland, Using Passive Acoustic Telemetry.","Northeastern Naturalist. 27(4):792-802","https://doi.org/10.1656/045.027.0417"
"89","Filippino, K. C., Egerton, T. A., Morse, R., Mulholland, M. R., Hunley, W. S., and Ieee (2012). Storm chasing: Nutrient dynamics in the tidal James River before, during, and after Hurricane Irene and Tropical Storm Lee. 2012 Oceans. 1-8. https://doi.org/10.1109/OCEANS.2012.6404946 ","Filippino, K. C., Egerton, T. A., Morse, R., Mulholland, M. R., Hunley, W. S., and Ieee","2012","Storm chasing: Nutrient dynamics in the tidal James River before, during, and after Hurricane Irene and Tropical Storm Lee.","2012 Oceans. 1-8","https://doi.org/10.1109/OCEANS.2012.6404946"
"90","Fine, M.L., S. Lahiri, A.D.H. Sullivan*, M. Mayo, S.H. Newton, and E.N. Sismour. 2014. Reduction of the pectoral spine and girdle in domesticated Channel Catfish is likely caused by changes in selection pressure. Evolution. 68-7:2102–2107. https://doi.org/10.1111/evo.12379 ","Fine, M.L., S. Lahiri, A.D.H. Sullivan*, M. Mayo, S.H. Newton, and E.N. Sismour.","2014","Reduction of the pectoral spine and girdle in domesticated Channel Catfish is likely caused by changes in selection pressure.","Evolution. 68-7:2102–2107","https://doi.org/10.1111/evo.12379"
"91","Fine, M.L., and Waybright. T.D. 2015. Grunt variation in the oyster toadfish Opsanus tau: effect of size and sex. PeerJ. 3:e1330. https://doi.org/10.7717/peerj.1330","Fine, M.L., and Waybright. T.D.","2015","Grunt variation in the oyster toadfish Opsanus tau: effect of size and sex.","PeerJ. 3:e1330","https://doi.org/10.7717/peerj.1330"
"92","Franklin, R. B., Morrissey*, E. M., and Morina*, J. C. 2017. Changes in abundance and community structure of nitrate-reducing bacteria along a salinity gradient in tidal wetlands. Pedobiologia. 60:21-26. https://doi.org/10.1016/j.pedobi.2016.12.002 ","Franklin, R. B., Morrissey*, E. M., and Morina*, J. C.","2017","Changes in abundance and community structure of nitrate-reducing bacteria along a salinity gradient in tidal wetlands.","Pedobiologia. 60:21-26","https://doi.org/10.1016/j.pedobi.2016.12.002"
"93","Franklin, R.B., Luria*, C., Ozaki, L.S., and Bukaveckas, P.A. 2013. Community composition and activity state of estuarine bacterioplankton assessed using differential staining and metagenomic analysis of 16S rDNA and rRNA. Aquatic Microbial Ecology. 69:247-261. https://doi.org/10.3354/ame01635 ","Franklin, R.B., Luria*, C., Ozaki, L.S., and Bukaveckas, P.A.","2013","Community composition and activity state of estuarine bacterioplankton assessed using differential staining and metagenomic analysis of 16S rDNA and rRNA.","Aquatic Microbial Ecology. 69:247-261","https://doi.org/10.3354/ame01635"
"94","Friedline, C. J., T. M. Faske, B. M. Lind, E. M. Hobson, D. Parry, R. J. Dyer, D. M. Johnson, L. M. Thompson, K. L. Grayson and A. J. Eckert. 2019. Evolutionary genomics of gypsy moth populations sampled along a latitudinal gradient. Molecular Ecology. 28(9):2206-2223. https://doi.org/10.1111/mec.15069 ","Friedline, C. J., T. M. Faske, B. M. Lind, E. M. Hobson, D. Parry, R. J. Dyer, D. M. Johnson, L. M. Thompson, K. L. Grayson and A. J. Eckert.","2019","Evolutionary genomics of gypsy moth populations sampled along a latitudinal gradient.","Molecular Ecology. 28(9):2206-2223","https://doi.org/10.1111/mec.15069"
"95","Giannopoulos, G., K. R. Hartop, B. L. Brown, B. Song, L. Elsgaard and R. B. Franklin. 2020. Trace Metal Availability Affects Greenhouse Gas Emissions and Microbial Functional Group Abundance in Freshwater Wetland Sediments. Frontiers in Microbiology. 11:560861. https://doi.org/10.3389/fmicb.2020.560861 ","Giannopoulos, G., K. R. Hartop, B. L. Brown, B. Song, L. Elsgaard and R. B. Franklin.","2020","Trace Metal Availability Affects Greenhouse Gas Emissions and Microbial Functional Group Abundance in Freshwater Wetland Sediments.","Frontiers in Microbiology. 11:560861","https://doi.org/10.3389/fmicb.2020.560861"
"96","Gough CM, Atkins* JW, Fahey RT, Hardiman BS. 2019. High rates of primary production in structurally complex forests. Ecology. e02864. https://doi.org/10.1002/ecy.2864 ","Gough CM, Atkins* JW, Fahey RT, Hardiman BS.","2019","High rates of primary production in structurally complex forests.","Ecology. e02864","https://doi.org/10.1002/ecy.2864"
"97","Gough, C.M. 2023. Ecosystem capacitance: an integrative buffer against disturbance. Frontiers in Forests and Global Change. 6:1326569. https://doi.org/10.3389/ffgc.2023.1326569","Gough, C.M.","2023","Ecosystem capacitance: an integrative buffer against disturbance.","Frontiers in Forests and Global Change. 6:1326569","https://doi.org/10.3389/ffgc.2023.1326569"
"98","Gough, CM, Atkins* JA, Fahey RT, Hardiman BS, LaRue EA. 2020. Community and structural constraints on the complexity of eastern North American forests. 2020. Global Ecology and Biogeography. 29(12):2107-2118. https://doi.org/10.1111/geb.13180.","Gough, CM, Atkins* JA, Fahey RT, Hardiman BS, LaRue EA.","2020","Community and structural constraints on the complexity of eastern North American forests.","2020. Global Ecology and Biogeography. 29(12):2107-2118","https://doi.org/10.1111/geb.13180."
"99","Grayson, K., D. Parry, T. Faske, A., Hamilton, P.C. Tobin, S. Agosta & D.M. Johnson. 2015. Performance of wild and laboratory-reared gypsy moth (Lymantria dispar) populations: a comparison between artificial diet and foliage. Environmental Entomology. 44(3): 864-873. https://doi.org/10.1093/ee/nvv063 ","Grayson, K., D. Parry, T. Faske, A., Hamilton, P.C. Tobin, S. Agosta & D.M. Johnson.","2015","Performance of wild and laboratory-reared gypsy moth (Lymantria dispar) populations: a comparison between artificial diet and foliage.","Environmental Entomology. 44(3): 864-873","https://doi.org/10.1093/ee/nvv063"
"100","Guglielmo, L., F. Azzaro, C. Baviera, A. Bergamasco, S. N. Bissett, C. Brugnano, G. Caruso, F. Decembrini, A. L. Garey*, A. Granata, C. Gugliandolo, V. Lentini, M. A. Lo Gullo, T. L. Maugeri, M. Pansera, F. Raimondo, L. P. R. Valdes, L. A. Smock, A. Spanò, P. Trifilò, J. K. Vick, D. R. Young, G. Zagami, J. C. Zinnert and R. Minutoli. 2014. Multidisciplinary ecological assessment of the Alcantara River (Sicily, Italy) using bioindicators. Marine and Freshwater Research. 65(4):283-305. https://doi.org/10.1071/MF13044 ","Guglielmo, L., F. Azzaro, C. Baviera, A. Bergamasco, S. N. Bissett, C. Brugnano, G. Caruso, F. Decembrini, A. L. Garey*, A. Granata, C. Gugliandolo, V. Lentini, M. A. Lo Gullo, T. L. Maugeri, M. Pansera, F. Raimondo, L. P. R. Valdes, L. A. Smock, A. Spanò, P. Trifilò, J. K. Vick, D. R. Young, G. Zagami, J. C. Zinnert and R. Minutoli.","2014","Multidisciplinary ecological assessment of the Alcantara River (Sicily, Italy) using bioindicators.","Marine and Freshwater Research. 65(4):283-305","https://doi.org/10.1071/MF13044"
"101","Halupka, L., Arlt, D., Tolvanen, J., Millon, A., Bize, P., Adamík, P., Albert, P., Arendt, W.J., Artemyev, A.V., Baglione, V. and Bańbura, J. 2023. The effect of climate change on avian offspring production: A global meta-analysis. Proceedings of the National Academy of Sciences (PNAS).  120(19):e2208389120. https://doi.org/10.1073/pnas.2208389120","Halupka, L., Arlt, D., Tolvanen, J., Millon, A., Bize, P., Adamík, P., Albert, P., Arendt, W.J., Artemyev, A.V., Baglione, V. and Bańbura, J.","2023","The effect of climate change on avian offspring production: A global meta-analysis.","Proceedings of the National Academy of Sciences (PNAS).  120(19):e2208389120","https://doi.org/10.1073/pnas.2208389120"
"102","Henderson, R. and P.A. Bukaveckas. 2022. Factors governing light attenuation in upper segments of the James and York Estuaries and their influence on primary producers. Estuaries & Coasts. 45.2:470-484. https://doi.org/10.1007/s12237-021-00983-6 ","Henderson, R. and P.A. Bukaveckas.","2022","Factors governing light attenuation in upper segments of the James and York Estuaries and their influence on primary producers.","Estuaries & Coasts. 45.2:470-484","https://doi.org/10.1007/s12237-021-00983-6"
"103","Hilton, E. J., Kynard, B., Balazik*, M. T., Horodysky, A. Z., and Dillman, C. B. 2016. Review of the biology, fisheries, and conservation status of the Atlantic Sturgeon, (Acipenser oxyrinchus oxyrinchus Mitchill, 1815). Journal of Applied Ichthyology. 32:30-66. https://doi.org/10.1111/jai.13242 ","Hilton, E. J., Kynard, B., Balazik*, M. T., Horodysky, A. Z., and Dillman, C. B.","2016","Review of the biology, fisheries, and conservation status of the Atlantic Sturgeon, (Acipenser oxyrinchus oxyrinchus Mitchill, 1815).","Journal of Applied Ichthyology. 32:30-66","https://doi.org/10.1111/jai.13242"
"104","Keilly, E.K., Sikder, A.M., McGee Turner, J.B., Suh, J., Boehling, D., and McCallister, S.L. 2014.  Fossil shell color and trace element concentration as indicators of the paleoenvironments of the Piney Point Formation at the Pamunkey River, Virginia coastal plain. Online Journal of Earth Science. 8:1-12. ","Keilly, E.K., Sikder, A.M., McGee Turner, J.B., Suh, J., Boehling, D., and McCallister, S.L.","2014","Fossil shell color and trace element concentration as indicators of the paleoenvironments of the Piney Point Formation at the Pamunkey River, Virginia coastal plain.","Online Journal of Earth Science. 8:1-12",""
"105","Kraus, J.M. and Vonesh, J.R. 2010. Feedbacks between community assembly and habitat selection shape variation in local colonization. Journal of Animal Ecology. 79:795-802. https://doi.org/10.1111/j.1365-2656.2010.01684.x ","Kraus, J.M. and Vonesh, J.R.","2010","Feedbacks between community assembly and habitat selection shape variation in local colonization.","Journal of Animal Ecology. 79:795-802","https://doi.org/10.1111/j.1365-2656.2010.01684.x"
"106","Kraus, J.M. and Vonesh, R.R. 2012. Fluxes of terrestrial and aquatic carbon by emergent mosquitoes: a test of controls and implications for cross-ecosystem linkages. Oecologia. 170:1111-1122. https://doi.org/10.1007/s00442-012-2369-x ","Kraus, J.M. and Vonesh, R.R.","2012","Fluxes of terrestrial and aquatic carbon by emergent mosquitoes: a test of controls and implications for cross-ecosystem linkages.","Oecologia. 170:1111-1122","https://doi.org/10.1007/s00442-012-2369-x"
"107","Kraus, J.M., *Pletcher, L.T, and Vonesh, J. R. 2011. Variation in active vs. passive resource inputs to experimental pools: mechanisms and possible consequences for food webs. Freshwater Biology. 56:491-502. https://doi.org/10.1111/j.1365-2427.2010.02516.x ","Kraus, J.M., *Pletcher, L.T, and Vonesh, J. R.","2011","Variation in active vs.","passive resource inputs to experimental pools: mechanisms and possible consequences for food webs. Freshwater Biology. 56:491-502","https://doi.org/10.1111/j.1365-2427.2010.02516.x"
"108","Kwon, T., Shibata, H., Kepfer-Rojas, S., Schmidt, I.K., Larsen, K.S., Beier, C., Berg, B., Verheyen, K., Lamarque, J.F., Hagedorn, F. and Eisenhauer, N. 2021. Effects of Climate and Atmospheric Nitrogen Deposition on Early to Mid-Term Stage Litter Decomposition Across Biomes. Frontiers in Forests and Global Change. 90. https://www.frontiersin.org/articles/10.3389/ffgc.2021.678480","Kwon, T., Shibata, H., Kepfer-Rojas, S., Schmidt, I.K., Larsen, K.S., Beier, C., Berg, B., Verheyen, K., Lamarque, J.F., Hagedorn, F. and Eisenhauer, N.","2021","Effects of Climate and Atmospheric Nitrogen Deposition on Early to Mid-Term Stage Litter Decomposition Across Biomes.","Frontiers in Forests and Global Change. 90","https://www.frontiersin.org/articles/10.3389/ffgc.2021.678480"
"109","Lahiri, S. and Fine, ML. 2015. Explosive development of pectoral muscle fibers in large juvenile blue catfish Ictalurus furcatus. Journal of Fish Biology. 87:1209-1218. https://doi.org/10.1111/jfb.12782","Lahiri, S. and Fine, ML.","2015","Explosive development of pectoral muscle fibers in large juvenile blue catfish Ictalurus furcatus.","Journal of Fish Biology. 87:1209-1218","https://doi.org/10.1111/jfb.12782"
"110","Leffler, F.A., Barbosa, M., Smyth, A.R., Berthold, D.E., Zimba, P.V., Laughinghouse, H.D. 2023. Spatiotemporal diversity of cyanobacteria and associated microbial community structure within Lake Okeechobee and the St. Lucie River, Florida, USA. Frontiers in Microbiology. 14:1219261. https://doi.org/10.3389/fmicb.2023.1219261 ","Leffler, F.A., Barbosa, M., Smyth, A.R., Berthold, D.E., Zimba, P.V., Laughinghouse, H.D.","2023","Spatiotemporal diversity of cyanobacteria and associated microbial community structure within Lake Okeechobee and the St.","Lucie River, Florida, USA. Frontiers in Microbiology. 14:1219261","https://doi.org/10.3389/fmicb.2023.1219261"
"111","Martin, L.M.A., Marbach, A., Zimba, P., Liu, Q., Ju, W. 2023. Uptake of Nanoplastic Particles by Zebrafish Embryos Triggers the Macrophage Response at Early Developmental Stage. Chemosphere. 341:140069. https://doi.org/10.1016/j.chemosphere.2023.140069 ","Martin, L.M.A., Marbach, A., Zimba, P., Liu, Q., Ju, W.","2023","Uptake of Nanoplastic Particles by Zebrafish Embryos Triggers the Macrophage Response at Early Developmental Stage.","Chemosphere. 341:140069","https://doi.org/10.1016/j.chemosphere.2023.140069"
"112","Martin, L.M.A., Sheng, J., Zimba, P.V., Zhu, L., Fadare, O.O., Haley, C., Wang, M, Xu, H. 2023. Testing an iron oxide nanoparticle-based method for magnetic separation of nanoplastics and microplastics from water. Nanomaterials. 12(14):2348. https://doi.org/10.3390/nano12142348 ","Martin, L.M.A., Sheng, J., Zimba, P.V., Zhu, L., Fadare, O.O., Haley, C., Wang, M, Xu, H.","2023","Testing an iron oxide nanoparticle-based method for magnetic separation of nanoplastics and microplastics from water.","Nanomaterials. 12(14):2348","https://doi.org/10.3390/nano12142348"
"113","Martin, L.M.A., Sheng, J., Zimba, P.V., Zhu, L., Fadare, O.O., Haley, C., Wang, M, Xu, H. 2023. Testing an iron oxide nanoparticle-based method for magnetic separation of nanoplastics and microplastics from water. Nanomaterials. 12(14):2348. https://doi.org/10.3390/nano12142348 ","Martin, L.M.A., Sheng, J., Zimba, P.V., Zhu, L., Fadare, O.O., Haley, C., Wang, M, Xu, H.","2023","Testing an iron oxide nanoparticle-based method for magnetic separation of nanoplastics and microplastics from water.","Nanomaterials. 12(14):2348","https://doi.org/10.3390/nano12142348"
"114","McGarvey D.J. & Terra B.D.F. 2016. Using river discharge to model and deconstruct the latitudinal diversity gradient for fishes of the Western Hemisphere. Journal of Biogeography. 43(7):1436-1449. https://doi.org/10.1111/jbi.12618 ","McGarvey D.J. & Terra B.D.F.","2016","Using river discharge to model and deconstruct the latitudinal diversity gradient for fishes of the Western Hemisphere.","Journal of Biogeography. 43(7):1436-1449","https://doi.org/10.1111/jbi.12618"
"115","McGarvey, D. J., T. E. Woods*, and A. J. Kirk. 2019. Modeling the size spectrum for macroinvertebrates and fishes in stream ecosystems. Journal of Visualized Experiments. 149:e59945. https://doi.org/10.3791/59945 ","McGarvey, D. J., T. E. Woods*, and A. J. Kirk.","2019","Modeling the size spectrum for macroinvertebrates and fishes in stream ecosystems.","Journal of Visualized Experiments. 149:e59945","https://doi.org/10.3791/59945"
"116","McGarvey, D.J. 2014. Moving beyond species-discharge relationships to a flow-mediated, macroecological theory of fish species richness. Freshwater Science. 3:18-31. https://doi.org/10.1086/674967 ","McGarvey, D.J.","2014","Moving beyond species-discharge relationships to a flow-mediated, macroecological theory of fish species richness.","Freshwater Science. 3:18-31","https://doi.org/10.1086/674967"
"117","McGarvey, D.J. and Johnston, J.M. 2013.  'Fishing' for alternatives to mountaintop mining in southern West Virginia. Ambio. 42:298-308. https://doi.org/10.1007/s13280-012-0346-6","McGarvey, D.J. and Johnston, J.M.","2013","'Fishing' for alternatives to mountaintop mining in southern West Virginia.","Ambio. 42:298-308","https://doi.org/10.1007/s13280-012-0346-6"
"118","McGarvey, D.J., Menon, M., Woods*, T., Tassone*, S., Reese*, J., Vergamini,M., and Kellogg, E. 2018. On the use of climate covariates in aquatic species distribution models: are we at risk of throwing the baby out? Ecography. 41(4):695-712. https://doi.org/10.1111/ecog.03134 ","McGarvey, D.J., Menon, M., Woods*, T., Tassone*, S., Reese*, J., Vergamini,M., and Kellogg, E.","2018","On the use of climate covariates in aquatic species distribution models: are we at risk of throwing the baby out?","Ecography. 41(4):695-712","https://doi.org/10.1111/ecog.03134"
"119","McGarvey, Daniel J. and Andrew J. Kirk. 2018. Seasonal comparison of community-level size-spectra in southern coalfield streams of West Virginia (USA). Hydrobiologia. 809(1):65-77. https://doi.org/10.1007/s10750-017-3448-0 ","McGarvey, Daniel J. and Andrew J. Kirk.","2018","Seasonal comparison of community-level size-spectra in southern coalfield streams of West Virginia (USA).","Hydrobiologia. 809(1):65-77","https://doi.org/10.1007/s10750-017-3448-0"
"120","Mitchell, J.C., and Walls, S.C. 2006. Field Notes: Opheodrys aestivus (Rough Greensnake). Catesbeiana. 26:26-27","Mitchell, J.C., and Walls, S.C.","2006","Field Notes: Opheodrys aestivus (Rough Greensnake).","Catesbeiana. 26:26-27",""
"121","Mohajer, Y, Ghahramini8, Z., and Fine, M. 2015. Pectoral sound generation in the blue catfish Icatulurus furcatus. Journal of Comparative Physiology A. 201:305-315. https://doi.org/10.1007/s00359-014-0970-7 ","Mohajer, Y, Ghahramini8, Z., and Fine, M.","2015","Pectoral sound generation in the blue catfish Icatulurus furcatus.","Journal of Comparative Physiology A. 201:305-315","https://doi.org/10.1007/s00359-014-0970-7"
"122","Noe, G.B., D.E. Kroes, C.R. Hupp, T.R. Doody, and P.A. Bukaveckas. 2023. Hydrogeomorphic changes along Coastal Plain rivers transitioning from non-tidal to tidal: implications for a rising sea level. Estuaries & Coasts. 1-21. https://doi.org/10.1007/s12237-023-01226-6 ","Noe, G.B., D.E. Kroes, C.R. Hupp, T.R. Doody, and P.A. Bukaveckas.","2023","Hydrogeomorphic changes along Coastal Plain rivers transitioning from non-tidal to tidal: implications for a rising sea level.","Estuaries & Coasts. 1-21","https://doi.org/10.1007/s12237-023-01226-6"
"123","Pullen, K.D., Best, A., and Ware, J. L. 2010. Prevalence of the amphibian pathogen Batrachochytrium dendrobatidis is correlated with season and not urbanization in central Virginia. Diseases of Aquatic Organisms. 19:9-16. https://doi.org/10.3354/dao02249 ","Pullen, K.D., Best, A., and Ware, J. L.","2010","Prevalence of the amphibian pathogen Batrachochytrium dendrobatidis is correlated with season and not urbanization in central Virginia.","Diseases of Aquatic Organisms. 19:9-16","https://doi.org/10.3354/dao02249"
"124","Richins, A. E. and C. M. Hulshof. 2022. Deer Exclusion Regenerates Native Plant Functional Responses, but Not Species Richness in an Eastern Serpentine Savannah. Frontiers in Conservation Science. 3:874304. https://doi.org/10.3389/fcosc.2022.874304","Richins, A. E. and C. M. Hulshof.","2022","Deer Exclusion Regenerates Native Plant Functional Responses, but Not Species Richness in an Eastern Serpentine Savannah.","Frontiers in Conservation Science. 3:874304","https://doi.org/10.3389/fcosc.2022.874304"
"125","Sismour, E.N., Nellis, S.C., Newton, S.H., Mays, D., and Fine, M.L. 2013. An experimental study of consumption of channel catfish Ictalurus punctatus by largemouth bass Micropterus salmoides when alternative prey are available. Copeia. 2:277-283. https://doi.org/10.1643/CE-12-052 ","Sismour, E.N., Nellis, S.C., Newton, S.H., Mays, D., and Fine, M.L.","2013","An experimental study of consumption of channel catfish Ictalurus punctatus by largemouth bass Micropterus salmoides when alternative prey are available.","Copeia. 2:277-283","https://doi.org/10.1643/CE-12-052"
"126","Slevin, M. C., L. P. Bulluck, A. E. Matthews and T. J. Boves. 2019. Spatial variation in carotenoid plumage coloration and relationships between female coloration and quality in Prothonotary Warblers Protonotaria citrea. The Auk: Ornithological Advances. 36(2):ukz011. https://doi.org/10.1093/auk/ukz011 ","Slevin, M. C., L. P. Bulluck, A. E. Matthews and T. J. Boves.","2019","Spatial variation in carotenoid plumage coloration and relationships between female coloration and quality in Prothonotary Warblers Protonotaria citrea.","The Auk: Ornithological Advances. 36(2):ukz011","https://doi.org/10.1093/auk/ukz011"
"127","Smock, L.A., Wright, A.B., and Benke, A.C. 2010. Atlantic Coast Rivers of the Southeastern United States. Rivers of North America. 72:122. https://doi.org/10.1016/B978-012088253-3/50006-7 ","Smock, L.A., Wright, A.B., and Benke, A.C.","2010","Atlantic Coast Rivers of the Southeastern United States.","Rivers of North America. 72:122","https://doi.org/10.1016/B978-012088253-3/50006-7"
"128","Thompson, L.M., Grayson, K.L., & Johnson, D.M. 2016. Forest edges enhance mate-finding in the invasive European gypsy moth, Lymantria dispar. Entomologia Experimentalis et Applicata. 295-303. https://doi.org/10.1111/eea.12402 ","Thompson, L.M., Grayson, K.L., & Johnson, D.M.","2016","Forest edges enhance mate-finding in the invasive European gypsy moth, Lymantria dispar.","Entomologia Experimentalis et Applicata. 295-303","https://doi.org/10.1111/eea.12402"
"129","Walter, J.A., Johnson, D.M., Tobin, P.C., and Haynes, K.J. 2015. Population cycles produce periodic range boundary pulses. Ecography. 38:1200-1211. https://doi.org/10.1111/ecog.01364 ","Walter, J.A., Johnson, D.M., Tobin, P.C., and Haynes, K.J.","2015","Population cycles produce periodic range boundary pulses.","Ecography. 38:1200-1211","https://doi.org/10.1111/ecog.01364"
"130","Ware, J.L., Viverette, C., Kleopfer, J.D., *Pletcher, L., Massey, D., and Wright, A. 2008. Infection of spotted salamanders (Ambystoma maculatum) with Ichthyophonus-like organisms in Virginia. Journal of Wildlife Diseases. 44:174-176. https://doi.org/10.7589/0090-3558-44.1.174 ","Ware, J.L., Viverette, C., Kleopfer, J.D., *Pletcher, L., Massey, D., and Wright, A.","2008","Infection of spotted salamanders (Ambystoma maculatum) with Ichthyophonus-like organisms in Virginia.","Journal of Wildlife Diseases. 44:174-176","https://doi.org/10.7589/0090-3558-44.1.174"
"131","Yamashita, Y., McCallister, S.L., Koch, B.P., Gonsior, M., and Jaffé, R. 2015. Dynamics of dissolved organic matter in fjord ecosystems: Contributions of terrestrial dissolved organic matter in the deep layer. Estuarine and Coastal Shelf Science. 159:37-49. https://doi.org/10.1016/j.ecss.2015.03.024","Yamashita, Y., McCallister, S.L., Koch, B.P., Gonsior, M., and Jaffé, R.","2015","Dynamics of dissolved organic matter in fjord ecosystems: Contributions of terrestrial dissolved organic matter in the deep layer.","Estuarine and Coastal Shelf Science. 159:37-49","https://doi.org/10.1016/j.ecss.2015.03.024"
"132","Youtz, J., K. D. Miller, E. K. Bowers, S. L. Rogers*, L. P. Bulluck, M. Johnson, B. D. Peer, K. L. Percy, E. I. Johnson, E. M. Ames, C. M. Tonra and T. J. Boves. 2020. Bergmann's rule is followed at multiple stages of postembryonic development in a long-distance migratory songbird. Ecology and Evolution. 10(19):10672-10686. https://doi.org/10.1002/ece3.6721","Youtz, J., K. D. Miller, E. K. Bowers, S. L. Rogers*, L. P. Bulluck, M. Johnson, B. D. Peer, K. L. Percy, E. I. Johnson, E. M. Ames, C. M. Tonra and T. J. Boves.","2020","Bergmann's rule is followed at multiple stages of postembryonic development in a long-distance migratory songbird.","Ecology and Evolution. 10(19):10672-10686","https://doi.org/10.1002/ece3.6721"
